Period;Version;Classes Total;Classes w/ Atoms;LoC;N.Atoms;N.Types;PostIncDec;PreIncDec;IOP;CO;AaL;LaCF;RV;CoLE;OCB;TC
After CI/CD;2.9.0;504;105;89413;409;6;7;2;11;173;0;208;0;0;0;8
After CI/CD;2.8.0;501;117;90328;397;6;9;2;2;167;0;209;0;0;0;8
After CI/CD;2.7.0;496;115;109818;378;6;9;2;2;163;0;194;0;0;0;8
After CI/CD;2.5.0;496;115;109455;379;6;9;2;2;165;0;193;0;0;0;8
After CI/CD;2.4.0;496;115;109174;378;6;9;2;2;165;0;192;0;0;0;8
After CI/CD;2.3.0;492;115;108529;377;6;9;2;2;165;0;191;0;0;0;8
After CI/CD;2.1.1;486;114;106867;375;6;9;2;2;163;0;191;0;0;0;8
Before CI/CD;1.10.0;299;68;69917;319;6;5;3;1;108;0;196;0;0;0;6
Before CI/CD;1.8.0;294;68;68878;313;6;5;3;1;105;0;193;0;0;0;6
Before CI/CD;1.6.0;259;58;59800;300;7;18;11;1;99;0;165;2;0;0;4
Before CI/CD;1.4.0;227;56;50139;292;6;15;8;1;94;0;170;0;0;0;4
Before CI/CD;1.2.0;133;35;29112;201;6;15;7;1;54;0;120;0;0;0;4
Before CI/CD;1.0.0;85;17;16331;65;4;3;0;0;16;0;44;0;0;0;2
